Code,Name,総人口,日本人人口,外国人人口,住民基本台帳人口（総数）,15歳未満人口,15～64歳人口,65歳以上人口,人口集中地区人口,出生数,死亡数,転入者数,転出者数,昼間人口,総世帯数,一般世帯数,核家族世帯数,単独世帯数,65歳以上の世帯員のいる核家族世帯数,夫65歳以上、妻60歳以上の夫婦のみの世帯数,65歳以上世帯員の単独世帯数,婚姻件数,離婚件数,総面積(北方地域及び竹島を除く),可住地面積,課税対象所得,納税義務者数（所得割）,事業所数（民営）,従業者数（民営）,耕地面積,製造品出荷額等,製造業従業者数,商業年間商品販売額（卸売業＋小売業）,商業事業所数（卸売業＋小売業）,商業従業者数（卸売業＋小売業）,財政力指数(市町村財政),実質収支比率(市町村財政),実質公債費比率(市町村財政),歳入決算総額(市町村財政),歳出決算総額(市町村財政),地方税(市町村財政),幼稚園数,幼稚園在園者数,小学校数,小学校教員数,小学校児童数,中学校数,中学校教員数,中学校生徒数,高等学校数,高等学校生徒数,労働力人口,就業者数,完全失業者数,第１次産業就業者数,第２次産業就業者数,第３次産業就業者数,雇用者数,役員数,雇人のある業主数,雇人のない業主数,家族従業者数,自市区町村で従業している就業者数,他市区町村への通勤者数,従業地による就業者数,他市区町村からの通勤者数,公民館数,図書館数,居住世帯あり住宅数,持ち家数,借家数,１住宅当たり延べ面積,非水洗化人口,ごみ計画収集人口,ごみ総排出量,ごみのリサイクル率,小売店数,飲食店数,大型小売店数,百貨店、総合スーパー数,一般病院数,一般診療所数,歯科診療所数,医師数,歯科医師数,薬剤師数,介護老人福祉施設数（基本票）,児童福祉施設等数（基本票）,保育所等数（基本票）,国民健康保険被保険者数
,単位,人,人,人,人,人,人,人,人,人,人,人,人,人,世帯,世帯,世帯,世帯,世帯,世帯,世帯,件,件,k㎡,k㎡,千円,人,事業所,人,ha,百万円,人,百万円,事業所,人,,%,%,百万円,百万円,百万円,園,人,校,人,人,校,人,人,校,人,人,人,人,人,人,人,人,人,人,人,人,人,人,人,人,館,館,戸,戸,戸,㎡,人,人,t,%,店,店,店,店,施設,施設,施設,人,人,人,施設,施設,施設,人
,出典,令和8年　青森県統計年鑑　市町村データ100（県統計分析課）,令和8年　青森県統計年鑑　市町村データ100（県統計分析課）,令和8年　青森県統計年鑑　市町村データ100（県統計分析課）,令和8年　青森県統計年鑑　市町村データ100（県統計分析課）,令和8年　青森県統計年鑑　市町村データ100（県統計分析課）,令和8年　青森県統計年鑑　市町村データ100（県統計分析課）,令和8年　青森県統計年鑑　市町村データ100（県統計分析課）,令和8年　青森県統計年鑑　市町村データ100（県統計分析課）,令和8年　青森県統計年鑑　市町村データ100（県統計分析課）,令和8年　青森県統計年鑑　市町村データ100（県統計分析課）,令和8年　青森県統計年鑑　市町村データ100（県統計分析課）,令和8年　青森県統計年鑑　市町村データ100（県統計分析課）,令和8年　青森県統計年鑑　市町村データ100（県統計分析課）,令和8年　青森県統計年鑑　市町村データ100（県統計分析課）,令和8年　青森県統計年鑑　市町村データ100（県統計分析課）,令和8年　青森県統計年鑑　市町村データ100（県統計分析課）,令和8年　青森県統計年鑑　市町村データ100（県統計分析課）,令和8年　青森県統計年鑑　市町村データ100（県統計分析課）,令和8年　青森県統計年鑑　市町村データ100（県統計分析課）,令和8年　青森県統計年鑑　市町村データ100（県統計分析課）,令和8年　青森県統計年鑑　市町村データ100（県統計分析課）,令和8年　青森県統計年鑑　市町村データ100（県統計分析課）,令和8年　青森県統計年鑑　市町村データ100（県統計分析課）,令和8年　青森県統計年鑑　市町村データ100（県統計分析課）,令和8年　青森県統計年鑑　市町村データ100（県統計分析課）,令和8年　青森県統計年鑑　市町村データ100（県統計分析課）,令和8年　青森県統計年鑑　市町村データ100（県統計分析課）,令和8年　青森県統計年鑑　市町村データ100（県統計分析課）,令和8年　青森県統計年鑑　市町村データ100（県統計分析課）,令和8年　青森県統計年鑑　市町村データ100（県統計分析課）,令和8年　青森県統計年鑑　市町村データ100（県統計分析課）,令和8年　青森県統計年鑑　市町村データ100（県統計分析課）,令和8年　青森県統計年鑑　市町村データ100（県統計分析課）,令和8年　青森県統計年鑑　市町村データ100（県統計分析課）,令和8年　青森県統計年鑑　市町村データ100（県統計分析課）,令和8年　青森県統計年鑑　市町村データ100（県統計分析課）,令和8年　青森県統計年鑑　市町村データ100（県統計分析課）,令和8年　青森県統計年鑑　市町村データ100（県統計分析課）,令和8年　青森県統計年鑑　市町村データ100（県統計分析課）,令和8年　青森県統計年鑑　市町村データ100（県統計分析課）,令和8年　青森県統計年鑑　市町村データ100（県統計分析課）,令和8年　青森県統計年鑑　市町村データ100（県統計分析課）,令和8年　青森県統計年鑑　市町村データ100（県統計分析課）,令和8年　青森県統計年鑑　市町村データ100（県統計分析課）,令和8年　青森県統計年鑑　市町村データ100（県統計分析課）,令和8年　青森県統計年鑑　市町村データ100（県統計分析課）,令和8年　青森県統計年鑑　市町村データ100（県統計分析課）,令和8年　青森県統計年鑑　市町村データ100（県統計分析課）,令和8年　青森県統計年鑑　市町村データ100（県統計分析課）,令和8年　青森県統計年鑑　市町村データ100（県統計分析課）,令和8年　青森県統計年鑑　市町村データ100（県統計分析課）,令和8年　青森県統計年鑑　市町村データ100（県統計分析課）,令和8年　青森県統計年鑑　市町村データ100（県統計分析課）,令和8年　青森県統計年鑑　市町村データ100（県統計分析課）,令和8年　青森県統計年鑑　市町村データ100（県統計分析課）,令和8年　青森県統計年鑑　市町村データ100（県統計分析課）,令和8年　青森県統計年鑑　市町村データ100（県統計分析課）,令和8年　青森県統計年鑑　市町村データ100（県統計分析課）,令和8年　青森県統計年鑑　市町村データ100（県統計分析課）,令和8年　青森県統計年鑑　市町村データ100（県統計分析課）,令和8年　青森県統計年鑑　市町村データ100（県統計分析課）,令和8年　青森県統計年鑑　市町村データ100（県統計分析課）,令和8年　青森県統計年鑑　市町村データ100（県統計分析課）,令和8年　青森県統計年鑑　市町村データ100（県統計分析課）,令和8年　青森県統計年鑑　市町村データ100（県統計分析課）,令和8年　青森県統計年鑑　市町村データ100（県統計分析課）,令和8年　青森県統計年鑑　市町村データ100（県統計分析課）,令和8年　青森県統計年鑑　市町村データ100（県統計分析課）,令和8年　青森県統計年鑑　市町村データ100（県統計分析課）,令和8年　青森県統計年鑑　市町村データ100（県統計分析課）,令和8年　青森県統計年鑑　市町村データ100（県統計分析課）,令和8年　青森県統計年鑑　市町村データ100（県統計分析課）,令和8年　青森県統計年鑑　市町村データ100（県統計分析課）,令和8年　青森県統計年鑑　市町村データ100（県統計分析課）,令和8年　青森県統計年鑑　市町村データ100（県統計分析課）,令和8年　青森県統計年鑑　市町村データ100（県統計分析課）,令和8年　青森県統計年鑑　市町村データ100（県統計分析課）,令和8年　青森県統計年鑑　市町村データ100（県統計分析課）,令和8年　青森県統計年鑑　市町村データ100（県統計分析課）,令和8年　青森県統計年鑑　市町村データ100（県統計分析課）,令和8年　青森県統計年鑑　市町村データ100（県統計分析課）,令和8年　青森県統計年鑑　市町村データ100（県統計分析課）,令和8年　青森県統計年鑑　市町村データ100（県統計分析課）,令和8年　青森県統計年鑑　市町村データ100（県統計分析課）,令和8年　青森県統計年鑑　市町村データ100（県統計分析課）,令和8年　青森県統計年鑑　市町村データ100（県統計分析課）,令和8年　青森県統計年鑑　市町村データ100（県統計分析課）,令和8年　青森県統計年鑑　市町村データ100（県統計分析課）,令和8年　青森県統計年鑑　市町村データ100（県統計分析課）
02201,青森市,275192,271454,922,263512,28040,150122,84787,219275,1278,4225,6222,7383,278910,118483,118067,63211,41179,28834,13609,15757,749,367,824.61,259.6,355529,113923,12430,115343,83,129378,5800,971359,2800,22363,0.56,7.6,12.1,137546,132020,34298,24,1137,42,851,11363,21,546,6477,13,7348,134053,127394,6659,3432,17964,102517,105968,5896,2491,7185,3303,116398,7898,130316,10820,42,2,113690,76230,32780,113.04,16545,268195,96706,13.7,2181,1232,47,3,15,206,125,674,192,702,14,126,52,51137
02202,弘前市,168466,166298,641,159488,17417,95115,53922,115326,826,2741,4053,4696,179790,71022,70743,35083,26170,16479,7405,9619,481,226,524.2,294.51,204135,64491,7608,77072,139,231465,8532,468313,1774,15351,0.49,1.4,6.5,89194,87761,19964,10,409,33,589,6959,19,384,3799,9,5169,86270,82826,3444,10917,12995,54926,59916,3543,3121,6858,6660,68264,10881,90881,18936,15,4,67070,44170,20710,111.86,6056,162342,62275,8.8,1529,859,32,4,11,157,87,871,142,477,11,73,41,36089
02203,八戸市,223415,220832,1096,215080,25636,126567,69328,157255,1149,3348,5542,6425,233149,95671,95422,53067,32229,23837,11528,13085,690,318,305.56,204.45,300355,94714,10482,105095,47,572133,13066,734774,2354,18990,0.65,6.1,8.6,110996,106765,30852,16,593,41,724,10083,26,499,5508,14,7104,111242,106198,5044,3182,23408,77724,89088,5501,1911,5625,2370,94477,9672,113507,16981,28,3,92330,60970,29700,106.34,25513,218732,74961,10.7,1847,1087,31,3,16,167,92,573,148,488,10,57,31,41058
02204,黒石市,31946,31778,116,30428,3214,17723,10943,15037,141,554,649,827,29842,11661,11618,6039,3092,3105,1202,1649,84,44,217.05,73.56,32391,12370,1341,11592,33,55541,2652,42032,291,1988,0.37,11.4,13,20341,19145,2955,2,30,4,88,1242,2,58,638,1,590,17516,16654,862,2458,4054,10016,12313,625,546,1617,1287,9840,6638,14954,4938,10,0,11280,9190,1610,135.86,3992,31187,10075,13.3,258,163,5,0,2,15,9,57,14,50,2,10,5,7233
02205,五所川原市,51415,51001,97,49811,4852,27798,18363,14552,197,972,1233,1334,52374,20908,20797,11053,6460,5491,2670,3359,123,88,404.2,171.08,54529,19044,2778,20942,93,46901,1615,103625,642,4312,0.33,9.6,9.4,35318,33567,5270,4,66,11,176,1990,6,115,1033,4,1510,25970,24488,1482,3220,4797,16071,18117,1126,797,2379,1805,17734,6413,25075,7000,2,3,20050,14900,4560,133.01,6076,50868,18515,15.3,587,338,8,1,5,41,22,126,31,129,6,9,8,12177
02206,十和田市,60378,59560,310,57361,6398,33001,20320,26838,280,946,1434,1702,60654,25540,25462,13071,9009,6283,3089,3324,138,77,725.65,206.18,75639,25080,2931,26153,121,75146,3170,153330,663,5157,0.44,8.5,8.6,38375,36453,7298,3,105,14,231,2532,10,163,1437,3,1553,30640,29441,1199,3422,6518,18681,22376,1461,737,2518,1747,23363,5473,29630,5662,0,1,24590,17730,6060,122.26,5665,58471,19833,13.8,558,303,10,1,3,37,20,116,25,116,3,20,17,11885
02207,三沢市,39152,38211,659,37380,4994,23094,10385,21981,243,559,1842,2106,40284,17252,17164,8773,6791,3338,1626,2171,181,63,119.39,100.02,58878,17629,1812,15305,36,82087,2263,62432,326,2379,0.51,7.4,9.7,30213,29371,4828,3,210,7,139,1868,5,100,956,2,1000,20171,19186,985,1296,4471,13053,16101,787,399,989,671,13545,5405,20452,6671,1,1,16800,9860,6300,114.11,999,37864,14659,7.3,297,303,3,0,2,19,14,49,20,53,3,15,5,7152
02208,むつ市,54103,53212,153,51606,5714,29283,18249,16759,226,962,1665,2091,52910,24077,23996,12910,8717,6240,3287,3719,164,79,864.2,138.93,68645,21822,2434,17438,27,9533,724,102484,586,3924,0.37,5.1,14.1,39371,38421,5861,6,183,12,208,2196,9,149,1223,3,1239,26175,24989,1186,1258,4835,18568,20743,1007,613,1492,808,22042,2565,23747,1323,25,4,22820,16360,6050,117.12,6135,52951,20307,20.4,512,281,3,0,2,38,17,93,22,88,6,18,14,10697
02209,つがる市,30934,30849,58,28806,2903,16001,12002,...,107,616,513,708,29188,10823,10764,5494,2486,3100,1377,1595,53,30,253.55,213.57,26780,9993,1179,8924,142,5667,631,45931,307,2141,0.25,4.2,12.1,28418,27845,2863,1,47,7,111,1123,5,91,582,1,429,16436,15508,928,4559,2676,8034,9562,448,632,2273,2406,10640,4656,14135,3283,2,1,10270,8270,1790,145.11,11385,29611,9129,15.4,283,75,4,0,1,11,10,16,12,19,3,11,8,8337
02210,平川市,30567,30515,48,29353,3282,16504,10777,...,153,515,580,631,27224,10049,10015,5183,1943,2800,1018,1191,69,33,346.01,94.79,29644,10964,979,9572,51,74551,2760,42106,222,1613,0.3,6.1,7.9,24566,23425,2648,0,0,9,133,1338,4,72,674,2,351,16913,15866,1047,3690,3534,8633,11059,479,624,1892,1809,8584,7257,13217,4608,3,2,10400,9480,840,140.49,1386,29781,9604,11.2,200,90,3,0,0,17,8,17,11,16,2,4,1,7115
02301,平内町,10126,10079,47,9730,906,5050,4164,...,29,224,146,208,9147,3796,3783,2013,1006,1281,592,664,14,10,217.09,47.04,12562,3896,357,2528,15,9482,391,4361,92,383,0.24,3.4,10.1,8463,8291,910,1,6,3,46,349,1,24,206,1,21,5350,5170,180,1391,1004,2696,3297,147,282,566,811,3712,1392,4417,639,6,1,...,...,...,...,2577,10031,6722,8.9,86,32,1,0,1,6,3,8,2,16,2,5,4,3100
02303,今別町,2334,2331,3,2096,105,939,1290,...,4,73,35,61,2311,1127,1124,595,416,452,264,272,4,1,125.27,19.46,1689,637,127,620,5,X,3,1038,27,81,0.22,12.7,3.1,3804,3542,431,0,0,1,11,38,1,7,14,0,0,1040,951,89,139,244,557,674,42,27,127,65,710,218,950,217,1,0,...,...,...,...,512,2226,909,10.1,30,11,0,0,0,3,1,2,3,3,1,0,0,598
02304,蓬田村,2540,2538,2,2434,247,1216,1077,...,7,52,31,52,2278,899,893,491,197,331,143,138,4,3,80.84,19.89,2307,843,77,627,12,X,157,2912,15,99,0.19,4.8,4.7,2596,2472,291,0,0,1,13,107,1,13,65,0,0,1304,1239,65,367,253,618,810,27,68,147,185,732,505,1055,321,9,0,...,...,...,...,150,2505,1256,48.3,12,5,0,0,0,2,0,1,0,0,1,0,0,741
02307,外ヶ浜町,5401,5365,36,4996,285,2362,2750,...,6,155,108,142,5322,2358,2338,1234,799,916,472,556,8,7,230.3,31.05,4749,1606,287,1700,8,2879,115,3312,83,270,0.18,3,11.5,6849,6683,695,0,0,2,19,93,2,22,58,0,0,2478,2341,137,539,486,1312,1587,84,127,276,252,1807,508,2373,540,3,0,...,...,...,...,1142,5204,1955,22.7,79,11,0,0,1,7,1,8,1,7,2,0,0,1518
02321,鰺ヶ沢町,9044,9022,14,8505,701,4299,4034,...,16,216,152,213,8602,3643,3626,1883,1088,1222,557,700,12,7,343.08,80.7,7461,2709,437,2691,32,2338,183,7612,118,552,0.22,5.3,14.1,8477,8153,837,0,0,2,25,250,1,17,163,1,52,4525,4197,328,897,707,2571,2856,150,165,523,476,3004,1167,3909,879,6,0,...,...,...,...,5238,8797,2866,9.4,115,29,0,0,1,5,3,10,4,16,1,3,3,2638
02323,深浦町,7346,7324,22,6803,481,3139,3726,...,17,188,98,166,7094,3047,3030,1549,960,1145,597,673,11,10,488.91,65.82,5310,2012,376,2242,14,759,77,5194,87,357,0.17,3.5,9.3,7868,7589,694,0,0,3,32,169,2,25,101,0,0,3448,3224,224,745,598,1872,2188,136,162,430,278,2770,428,3077,281,3,0,...,...,...,...,2365,6936,2439,12.4,77,26,0,0,0,5,2,4,3,3,2,6,6,1992
02343,西目屋村,1265,1265,0,1210,151,613,501,...,9,43,30,29,1076,437,435,232,96,142,56,53,2,1,246.02,21.83,989,404,68,389,3,X,13,130,8,27,0.13,5.6,11,2566,2477,145,0,0,1,12,72,0,0,0,0,0,707,684,23,167,156,346,477,16,20,88,67,357,309,535,160,2,0,...,...,...,...,232,1254,447,7.6,7,3,0,0,0,1,0,0,0,0,1,1,1,264
02361,藤崎町,14573,14544,27,14300,1679,8090,4797,...,87,228,319,299,11922,4965,4938,2743,1014,1343,494,593,37,15,37.29,37.29,15102,5494,498,4233,25,7168,488,19874,134,960,0.29,5.3,11.6,9296,8983,1188,1,21,3,51,658,2,38,358,0,0,8282,7802,480,1722,1589,4463,5566,236,337,769,875,3449,4322,5712,2232,6,1,...,...,...,...,1643,14467,4727,11.5,119,37,1,0,1,7,4,17,4,18,2,3,3,3450
02362,大鰐町,8665,8663,2,8231,631,4262,3771,...,18,186,125,181,7199,3228,3211,1579,840,1082,421,604,15,7,163.43,37.66,7066,2860,316,1964,16,2740,217,5165,85,410,0.22,5.7,13.1,7468,7164,644,0,0,1,18,253,1,16,132,0,0,4554,4331,223,919,811,2474,2968,143,183,465,475,2109,2101,3110,880,1,0,...,...,...,...,999,8535,2591,12,79,28,1,0,0,5,2,9,2,8,1,3,2,2113
02367,田舎館村,7326,7312,11,7239,836,3845,2639,...,31,123,173,161,6257,2401,2393,1184,461,662,246,285,20,9,22.35,22.35,7166,2770,224,2186,14,10257,811,2777,35,202,0.27,15.4,8,4562,4132,598,0,0,1,20,340,1,19,204,0,0,3984,3839,145,807,890,2134,2754,121,117,454,379,1464,2366,3014,1541,1,0,...,...,...,...,605,7375,2311,9,30,17,0,0,0,2,0,1,0,0,0,3,2,1634
02381,板柳町,12700,12681,19,12198,1205,6672,4822,...,47,244,228,252,11180,4476,4459,2304,1016,1389,551,648,26,20,41.88,41.88,11555,4388,502,3075,30,5146,370,27532,135,897,0.27,12.8,11.1,7765,7216,929,0,0,4,48,455,1,25,255,0,0,7422,7156,266,2649,1117,3349,3955,214,483,1062,1392,4362,2756,5957,1557,1,1,...,...,...,...,517,12516,4034,6.6,121,48,2,0,1,5,5,9,8,9,1,2,2,3822
02384,鶴田町,12074,12059,15,11540,1263,6236,4575,...,36,209,203,263,10785,4256,4233,2226,996,1260,519,674,22,19,46.43,45.23,10680,3939,402,3185,29,9399,582,8557,83,583,0.27,11.8,11.9,7706,7202,937,1,17,1,33,494,1,23,261,1,187,6662,6208,454,2016,1135,3035,3713,212,369,808,1056,3675,2488,5283,1563,1,0,...,...,...,...,1350,11772,3001,19.2,81,33,2,0,0,5,3,7,2,7,1,4,3,3507
02387,中泊町,9657,9593,64,9417,756,4612,4289,...,30,228,195,229,9029,3870,3855,2021,1074,1320,684,748,14,7,216.34,66.88,8484,3053,446,3073,37,1289,178,11290,94,479,0.22,5.1,10.6,9990,9663,897,0,0,4,44,275,2,25,178,0,0,4758,4403,355,919,1192,2279,2944,195,186,615,413,3069,1286,3962,845,3,1,...,...,...,...,3464,9668,3024,10.6,84,29,1,0,0,8,2,4,3,3,2,1,0,2649
02401,野辺地町,12374,12223,151,11855,1102,6556,4713,...,31,272,289,298,11474,5433,5414,2813,1940,1573,750,981,32,14,81.68,27.2,14387,4887,648,4130,7,8401,332,18730,153,845,0.37,4.2,7.3,7664,7487,1307,1,27,2,35,426,1,23,233,2,262,6245,5951,294,444,1526,3903,4807,249,178,375,266,3806,2032,5073,1154,2,1,...,...,...,...,1367,12095,5010,8.6,138,76,1,0,1,4,8,17,8,12,1,5,4,2560
02402,七戸町,14556,14502,54,14014,1406,7202,5943,...,45,319,281,334,13991,5447,5424,2832,1465,1720,776,887,28,19,337.23,115.27,15482,5378,630,4783,68,9342,553,23020,154,944,0.38,2.8,3.3,13041,12777,2502,0,0,3,47,528,2,38,298,1,293,7848,7546,302,1538,1669,4317,5389,295,177,933,695,4878,2630,6932,2016,17,1,...,...,...,...,3868,14384,5384,14.5,136,51,2,0,1,6,4,12,6,19,3,7,1,3150
02405,六戸町,10447,10366,81,10551,1394,5522,3531,...,60,180,271,326,8929,3840,3829,2273,850,1071,511,488,31,20,83.89,57.68,12460,4186,360,3080,34,15969,464,11466,86,572,0.41,5.3,8.1,6609,6349,1456,0,0,3,56,571,2,33,279,0,0,5666,5467,199,1021,1296,3090,3972,215,189,539,491,2319,3090,4143,1766,1,1,...,...,...,...,1191,10746,2710,14.4,77,20,0,0,0,5,3,4,5,6,1,2,0,2378
02406,横浜町,4229,4153,76,4048,359,2179,1691,...,18,80,77,125,4172,1813,1809,857,685,530,238,279,7,3,126.38,31.05,4657,1608,198,1669,21,20053,622,2417,48,194,0.3,3.2,5.5,4164,4090,669,1,8,1,15,137,1,12,80,0,0,2366,2257,109,664,650,941,1572,73,104,210,284,1624,627,2299,669,1,1,...,...,...,...,1890,4201,1590,24.6,48,12,0,0,0,2,1,1,1,2,1,3,2,1111
02408,東北町,16428,16325,103,16005,1721,8396,6300,...,72,319,319,452,14699,5871,5833,3017,1505,1711,752,871,35,20,326.5,126.41,17572,6169,673,5344,80,6744,450,21056,164,970,0.31,6.7,11.7,13216,12713,1808,0,0,3,60,691,2,38,342,0,0,9001,8730,271,2080,1964,4580,5986,345,296,1014,1013,5520,3130,7467,1867,11,1,5620,4820,790,161.09,619,16468,4944,14.2,148,64,2,0,1,9,5,8,12,9,2,6,6,3726
02411,六ヶ所村,10367,10066,103,9628,1065,6470,2618,...,69,133,438,476,17715,5194,5167,1898,2756,845,374,442,43,19,252.58,111.62,17819,5058,535,11262,36,183208,3816,18511,99,706,1.62,2.4,3.7,15389,15044,7963,0,0,4,53,381,3,39,208,1,106,6581,6441,140,686,2669,3068,5424,253,107,297,275,6035,334,13847,7740,11,1,...,...,...,...,287,9788,4237,11.3,77,26,0,0,0,7,1,5,1,4,1,3,3,1538
02412,おいらせ町,24273,23942,228,25182,3308,13956,6671,...,191,324,1057,880,20373,9258,9243,5424,2347,2168,975,961,82,44,71.96,59.22,32750,10700,844,8537,32,46017,1193,39680,224,1976,0.46,4.8,10.4,12126,11766,2759,1,65,5,99,1404,3,63,662,1,257,12827,12310,517,1015,3403,7734,10307,441,284,696,480,4992,7203,8930,3823,3,1,8650,6910,1550,128.55,1045,25133,8186,13.3,208,85,5,0,2,10,7,15,7,22,2,2,0,4804
02423,大間町,4718,4705,9,4649,501,2496,1711,...,26,100,123,169,5027,2090,2086,996,816,534,251,379,19,8,52.09,14.34,5602,1698,296,2047,3,1722,40,8565,61,355,0.27,7.1,12.4,7035,6850,592,1,9,2,21,175,1,15,111,1,126,2547,2393,154,530,606,1247,1583,106,118,351,211,2155,204,2694,505,1,0,...,...,...,...,195,4802,2036,21.6,49,38,0,0,1,2,1,6,1,5,1,2,2,1389
02424,東通村,5955,5943,12,5553,633,3205,2117,...,21,124,152,241,5809,2559,2546,1166,998,691,301,359,13,7,295.32,65.51,6844,2155,260,2351,18,1297,101,2912,59,192,0.61,9,13.7,9129,8740,1996,0,0,1,22,220,1,24,131,0,0,3338,3206,132,738,846,1619,2405,95,93,323,267,2251,934,3172,900,0,0,...,...,...,...,275,5779,1844,18.1,49,16,0,0,0,5,2,3,0,4,0,0,0,1488
02425,風間浦村,1636,1633,3,1554,125,751,757,...,1,44,29,59,1432,750,748,392,260,266,125,165,2,4,69.46,5.9,1393,499,84,369,0,480,71,149,16,38,0.1,3.6,12.2,3162,3108,108,0,0,1,10,43,1,11,29,0,0,869,829,40,165,156,503,557,43,32,129,55,523,289,650,110,4,0,...,...,...,...,65,1632,542,22.1,15,5,0,0,0,1,0,1,0,0,0,1,1,458
02426,佐井村,1788,1787,1,1628,124,802,858,...,10,41,20,59,1675,826,823,391,321,265,137,203,4,0,135.05,16.64,1614,533,101,517,3,257,29,282,22,50,0.12,5.4,4.2,2821,2730,163,0,0,2,14,34,2,10,25,0,0,855,833,22,166,199,434,561,32,25,118,75,639,165,737,69,8,0,...,...,...,...,21,1713,595,22.7,23,9,0,0,0,4,1,0,1,0,1,1,1,509
02441,三戸町,9082,9035,34,8767,826,4412,3783,...,39,163,168,258,8957,3566,3559,1817,1013,1115,520,628,18,8,151.79,50.8,8613,3189,442,3103,24,19257,441,13194,134,683,0.25,7.4,10,7421,7091,888,1,0,2,34,292,1,19,192,1,80,4780,4563,217,1353,872,2324,2808,196,194,606,724,3051,1467,4569,1473,1,1,...,...,...,...,4281,9026,3413,17.3,122,30,2,0,1,3,3,10,4,12,1,3,1,2325
02442,五戸町,16042,15970,72,15285,1436,8139,6467,...,50,364,274,377,14262,6059,6040,3306,1492,2032,912,876,25,18,177.67,84.39,15556,5734,569,4934,43,22784,1101,13825,144,760,0.28,2.7,9.3,10046,9869,1426,2,23,4,62,558,3,45,307,0,0,8859,8517,342,1789,2222,4500,6066,334,210,1048,842,4873,3626,7004,2113,1,1,5950,4950,990,129.16,5530,15724,4712,14.7,132,39,1,0,1,7,5,11,8,19,2,0,0,3677
02443,田子町,4968,4955,13,4718,417,2368,2182,...,19,126,74,91,4816,1918,1909,950,527,624,271,359,9,4,241.98,46.97,4366,1648,235,1677,25,13796,387,4305,55,244,0.21,3.5,5.8,5098,4990,501,1,2,1,14,141,1,12,82,0,0,2817,2732,85,959,616,1157,1637,152,99,387,447,2045,672,2677,617,2,1,...,...,...,...,2448,4864,1693,23.7,53,11,0,0,0,3,2,3,3,4,1,0,0,1282
02445,南部町,16809,16776,33,16185,1558,8525,6725,...,57,366,301,365,14329,6263,6232,3380,1555,2033,864,1002,31,16,153.12,76.19,17182,6208,561,4102,36,16008,494,15406,163,837,0.29,13.4,7.6,13078,12167,1706,1,42,3,51,596,3,46,317,1,141,9140,8812,328,2014,1932,4840,6005,371,270,1144,994,4853,3907,6651,1746,4,0,6010,5280,710,138.84,5114,16659,4738,15.2,128,18,1,0,2,8,5,23,6,24,3,0,0,4027
02446,階上町,13496,13278,66,12562,1276,7697,4281,...,48,216,377,421,10500,5862,5836,2964,2158,1487,709,653,21,20,94,39.68,14353,5118,495,4074,11,16440,665,7604,76,391,0.36,7.6,10.9,6496,6192,1142,0,0,4,51,527,2,33,238,0,0,6757,6439,318,534,1857,3804,5264,256,113,424,190,2326,3869,4089,1519,1,0,...,...,...,...,2152,12782,3438,11.7,62,25,1,0,0,4,3,2,3,2,2,1,1,2841
02450,新郷村,2197,2189,8,2059,165,948,1084,...,2,57,35,56,2066,788,785,346,190,268,122,142,5,0,150.77,30.06,1597,610,91,490,17,X,8,913,27,108,0.17,9.9,6.1,3286,3086,256,0,0,1,14,64,1,13,39,0,0,1300,1270,30,594,217,451,642,28,65,236,290,920,330,1191,251,3,0,...,...,...,...,645,2153,534,20.2,26,5,0,0,0,1,0,2,0,1,0,0,0,623
